use proj2;

INSERT INTO Publications (id, title, type, periodicity, primary_topic) VALUES
('00000000-0000-0000-0000-000000000101', 'Modern Databases', 'BOOK', NULL, 'Technology'),
('00000000-0000-0000-0000-000000000102', 'Weekly Science', 'MAGAZINE', 'Weekly', 'Science'),
('00000000-0000-0000-0000-000000000103', 'History Monthly', 'JOURNAL', 'Monthly', 'History'),
('00000000-0000-0000-0000-000000000104', 'AI Fundamentals', 'BOOK', NULL, 'Technology'),
('00000000-0000-0000-0000-000000000105', 'World Politics Review', 'JOURNAL', 'Monthly', 'Politics');


INSERT INTO Distributors (id, name, address, type, phone_number, contact_name, balance, city, country) VALUES
('00000000-0000-0000-0000-000000000201', 'BookWorld Distributors', '12 Main St', 'BOOKSTORE', '9191111111', 'Alice Green', 1200.00, 'Raleigh', 'USA'),
('00000000-0000-0000-0000-000000000202', 'City Library Supply', '45 Elm St', 'LIBRARY', '9192222222', 'Bob White', 800.00, 'Durham', 'USA'),
('00000000-0000-0000-0000-000000000203', 'Global Books Hub', '78 Oak Ave', 'WHOLESALE', '9193333333', 'Carol Black', 2300.00, 'Charlotte', 'USA'),
('00000000-0000-0000-0000-000000000204', 'Triangle Readers', '90 Pine Rd', 'BOOKSTORE', '9194444444', 'David Brown', 450.00, 'Raleigh', 'USA'),
('00000000-0000-0000-0000-000000000205', 'Academic Distribution Co', '33 Hill St', 'WHOLESALE', '9195555555', 'Emma Clark', 600.00, 'Chapel Hill', 'USA');

INSERT INTO Person (id, name, role, affiliation) VALUES
('00000000-0000-0000-0000-000000000301', 'John Smith', 'AUTHOR', 'STAFF'),
('00000000-0000-0000-0000-000000000302', 'Emily Davis', 'EDITOR', 'STAFF'),
('00000000-0000-0000-0000-000000000303', 'Michael Lee', 'BOTH', 'INVITED'),
('00000000-0000-0000-0000-000000000304', 'Sarah Wilson', 'AUTHOR', 'INVITED'),
('00000000-0000-0000-0000-000000000305', 'Robert Brown', 'EDITOR', 'STAFF');

INSERT INTO EditionIssue (id, edition_num, pub_date, status, isbn, price, publication_id) VALUES
('00000000-0000-0000-0000-000000000401', 1, '2024-01-15', 'PUBLISHED', '9781234567890', 45.00, '00000000-0000-0000-0000-000000000101'),
('00000000-0000-0000-0000-000000000402', NULL, '2024-02-01', 'PUBLISHED', NULL, 12.50, '00000000-0000-0000-0000-000000000102'),
('00000000-0000-0000-0000-000000000403', NULL, '2024-02-15', 'FINISHED', NULL, 15.00, '00000000-0000-0000-0000-000000000103'),
('00000000-0000-0000-0000-000000000404', 1, '2024-03-10', 'UNPUBLISHED', '9780987654321', 55.00, '00000000-0000-0000-0000-000000000104'),
('00000000-0000-0000-0000-000000000405', NULL, '2024-03-20', 'PUBLISHED', NULL, 18.00, '00000000-0000-0000-0000-000000000105');


INSERT INTO Content (id, content_title, topic, date_written, content_type, content_text, edition_issue_id) VALUES
('00000000-0000-0000-0000-000000000501', 'Introduction to Databases', 'Technology', '2023-12-20', 'CHAPTER', 'This chapter introduces database systems.', '00000000-0000-0000-0000-000000000401'),
('00000000-0000-0000-0000-000000000502', 'Recent Science Discoveries', 'Science', '2024-01-28', 'ARTICLE', 'Overview of recent scientific breakthroughs.', '00000000-0000-0000-0000-000000000402'),
('00000000-0000-0000-0000-000000000503', 'World War II Overview', 'History', '2024-02-10', 'ARTICLE', 'Historical analysis of World War II.', '00000000-0000-0000-0000-000000000403'),
('00000000-0000-0000-0000-000000000504', 'Machine Learning Basics', 'Technology', '2024-03-01', 'CHAPTER', 'Introduction to machine learning concepts.', '00000000-0000-0000-0000-000000000404'),
('00000000-0000-0000-0000-000000000505', 'Global Elections Analysis', 'Politics', '2024-03-15', 'ARTICLE', 'Analysis of recent global elections.', '00000000-0000-0000-0000-000000000405');


INSERT INTO UserPayments (id, payment_type, amount, issue_date, claimed_date, person_id) VALUES
('00000000-0000-0000-0000-000000000601', 'BOOK_AUTHORSHIP', 500.00, '2024-01-20', '2024-01-25', '00000000-0000-0000-0000-000000000301'),
('00000000-0000-0000-0000-000000000602', 'EDITORIAL_WORK', 300.00, '2024-02-05', NULL, '00000000-0000-0000-0000-000000000302'),
('00000000-0000-0000-0000-000000000603', 'ARTICLE_AUTHORSHIP', 250.00, '2024-02-18', '2024-02-20', '00000000-0000-0000-0000-000000000303'),
('00000000-0000-0000-0000-000000000604', 'BOOK_AUTHORSHIP', 450.00, '2024-03-12', NULL, '00000000-0000-0000-0000-000000000304'),
('00000000-0000-0000-0000-000000000605', 'EDITORIAL_WORK', 350.00, '2024-03-18', '2024-03-20', '00000000-0000-0000-0000-000000000305');


INSERT INTO Orders (id, quantity, unit_price, ship_cost, order_date, required_by_date, billed_date, total_billed_amount, distributor_id, edition_issue_id) VALUES
('00000000-0000-0000-0000-000000000701', 100, 45.00, 50.00, '2024-01-18', '2024-01-30', '2024-01-19', 4550.00, '00000000-0000-0000-0000-000000000201', '00000000-0000-0000-0000-000000000401'),
('00000000-0000-0000-0000-000000000702', 200, 12.50, 75.00, '2024-02-02', '2024-02-10', NULL, NULL, '00000000-0000-0000-0000-000000000202', '00000000-0000-0000-0000-000000000402'),
('00000000-0000-0000-0000-000000000703', 150, 15.00, 60.00, '2024-02-20', '2024-03-01', '2024-02-21', 2310.00, '00000000-0000-0000-0000-000000000203', '00000000-0000-0000-0000-000000000403'),
('00000000-0000-0000-0000-000000000704', 80, 55.00, 40.00, '2024-03-15', '2024-03-25', NULL, NULL, '00000000-0000-0000-0000-000000000204', '00000000-0000-0000-0000-000000000404'),
('00000000-0000-0000-0000-000000000705', 120, 18.00, 45.00, '2024-03-22', '2024-04-01', '2024-03-23', 2205.00, '00000000-0000-0000-0000-000000000205', '00000000-0000-0000-0000-000000000405');

INSERT INTO DistPayment (id, amount, pay_date, distributor_id) VALUES
('00000000-0000-0000-0000-000000000801', 1000.00, '2024-01-25', '00000000-0000-0000-0000-000000000201'),
('00000000-0000-0000-0000-000000000802', 500.00, '2024-02-12', '00000000-0000-0000-0000-000000000202'),
('00000000-0000-0000-0000-000000000803', 1200.00, '2024-02-25', '00000000-0000-0000-0000-000000000203'),
('00000000-0000-0000-0000-000000000804', 300.00, '2024-03-20', '00000000-0000-0000-0000-000000000204'),
('00000000-0000-0000-0000-000000000805', 450.00, '2024-03-28', '00000000-0000-0000-0000-000000000205');


INSERT INTO Edits (person_id, publication_id) VALUES
('00000000-0000-0000-0000-000000000302', '00000000-0000-0000-0000-000000000101'),
('00000000-0000-0000-0000-000000000302', '00000000-0000-0000-0000-000000000102'),
('00000000-0000-0000-0000-000000000303', '00000000-0000-0000-0000-000000000103'),
('00000000-0000-0000-0000-000000000303', '00000000-0000-0000-0000-000000000104'),
('00000000-0000-0000-0000-000000000305', '00000000-0000-0000-0000-000000000105');

INSERT INTO Writes (person_id, content_id) VALUES
('00000000-0000-0000-0000-000000000301', '00000000-0000-0000-0000-000000000501'),
('00000000-0000-0000-0000-000000000303', '00000000-0000-0000-0000-000000000502'),
('00000000-0000-0000-0000-000000000304', '00000000-0000-0000-0000-000000000503'),
('00000000-0000-0000-0000-000000000301', '00000000-0000-0000-0000-000000000504'),
('00000000-0000-0000-0000-000000000303', '00000000-0000-0000-0000-000000000505');


